City_ID,City,Country,Lat,Lng,Max Temp,Humidity,Cloudiness,Wind Speed,Current Description
0,East London,ZA,-33.0153,27.9116,61.74,100,100,3.44,thunderstorm with rain
1,Raudeberg,NO,61.9875,5.1352,52.47,42,35,9.4,scattered clouds
2,Vaini,TO,-21.2,-175.2,71.76,83,20,8.05,few clouds
3,Butaritari,KI,3.0707,172.7902,82.11,75,100,17.49,overcast clouds
4,Alice Springs,AU,-23.7,133.8833,57.22,39,100,5.75,overcast clouds
5,Guerrero Negro,MX,27.9769,-114.0611,80.6,62,0,9.64,clear sky
6,Maraa,BR,-1.8333,-65.3667,99.19,29,97,3.87,overcast clouds
7,Tuktoyaktuk,CA,69.4541,-133.0374,30.2,100,100,20.71,overcast clouds
8,Panama City,PA,8.9936,-79.5197,87.13,74,40,12.66,scattered clouds
9,Cape Town,ZA,-33.9258,18.4232,62.1,85,20,12.66,few clouds
10,Corn Island,NI,12.1694,-83.0418,82.62,73,98,2.68,overcast clouds
11,Hermanus,ZA,-34.4187,19.2345,59.81,82,100,9.91,overcast clouds
12,Shingu,JP,33.7333,135.9833,67.37,91,5,4.76,clear sky
13,Kamsack,CA,51.5667,-101.9009,77.72,28,1,6.58,clear sky
14,Toshkivka,UA,48.7791,38.579,66.09,59,100,3.67,overcast clouds
15,Kutum,SD,14.2,24.6667,79.29,42,58,13.02,broken clouds
16,Punta Arenas,CL,-53.15,-70.9167,55.51,44,40,23.02,scattered clouds
17,Nikolskoye,RU,59.7035,30.7861,46.8,96,100,4.83,overcast clouds
18,Shenjiamen,CN,29.9576,122.298,74.95,85,97,6.33,overcast clouds
19,Mahebourg,MU,-20.4081,57.7,70.09,78,40,10.36,scattered clouds
20,Darhan,MN,49.4867,105.9228,43.05,91,100,3.78,overcast clouds
21,Tanete,ID,-3.9443,119.7848,74.55,93,55,1.36,moderate rain
22,Ribeira Grande,PT,38.5167,-28.7,70.2,60,75,9.22,broken clouds
23,Ambunti,PG,-4.2365,142.8448,72.18,99,100,1.01,overcast clouds
24,Avarua,CK,-21.2078,-159.775,73.45,78,40,12.66,scattered clouds
25,Nantucket,US,41.2835,-70.0995,64.54,62,0,18.41,clear sky
26,Ushuaia,AR,-54.8,-68.3,55.06,35,20,6.91,few clouds
27,Abu Samrah,SY,35.3029,37.1841,74.3,63,0,10.27,clear sky
28,Marsabit,KE,2.3284,37.9899,72.45,38,77,18.41,broken clouds
29,Saint-Philippe,RE,-21.3585,55.7679,69.39,82,36,8.99,light rain
30,Arraial Do Cabo,BR,-22.9661,-42.0278,71.46,73,75,13.8,broken clouds
31,Fortuna,US,40.5982,-124.1573,69.93,75,0,7.0,clear sky
32,Jamestown,US,42.097,-79.2353,57.06,47,40,8.05,scattered clouds
33,Rikitea,PF,-23.1203,-134.9692,72.41,63,0,11.3,clear sky
34,Padang,ID,-0.9492,100.3543,76.82,86,100,4.7,overcast clouds
35,Busselton,AU,-33.65,115.3333,56.59,64,0,12.26,clear sky
36,Hammerfest,NO,70.6634,23.6821,46.85,66,0,6.91,clear sky
37,Latisana,IT,45.7792,13.0,62.22,86,100,7.99,light rain
38,Georgetown,MY,5.4112,100.3354,81.95,91,20,3.44,thunderstorm
39,Muroto,JP,33.2833,134.15,74.26,69,0,6.26,clear sky
40,Mataura,NZ,-46.1927,168.8643,42.48,95,19,1.74,few clouds
41,Burlatskoye,RU,45.0564,43.635,68.2,65,67,2.98,broken clouds
42,Puerto Ayora,EC,-0.7393,-90.3518,76.96,90,65,5.99,broken clouds
43,Hithadhoo,MV,-0.6,73.0833,81.97,74,100,11.27,overcast clouds
44,Alekseyevsk,RU,57.8406,108.3492,28.65,90,86,3.96,overcast clouds
45,Sibolga,ID,1.7427,98.7792,76.41,90,100,2.82,light rain
46,Kavieng,PG,-2.5744,150.7967,81.88,74,100,16.49,overcast clouds
47,Vao,NC,-22.6667,167.4833,74.23,78,100,16.84,light rain
48,Kapaa,US,22.0752,-159.319,82.47,73,20,9.22,few clouds
49,Bluff,NZ,-46.6,168.3333,42.8,58,66,7.61,broken clouds
50,Kamenka,RU,51.3223,42.7678,55.31,75,83,4.29,broken clouds
51,Iqaluit,CA,63.7506,-68.5145,31.73,86,100,15.01,light snow
52,Severo-Kurilsk,RU,50.6789,156.125,46.8,76,52,30.78,broken clouds
53,Bredasdorp,ZA,-34.5322,20.0403,56.12,95,100,5.59,overcast clouds
54,Buraydah,SA,26.326,43.975,86.45,15,0,11.92,clear sky
55,Ostrovnoy,RU,68.0531,39.5131,35.73,70,98,10.54,overcast clouds
56,Korla,CN,41.7597,86.1469,68.47,21,99,19.1,overcast clouds
57,Yellowknife,CA,62.456,-114.3525,43.32,65,20,9.22,few clouds
58,Mar Del Plata,AR,-38.0023,-57.5575,59.02,67,0,13.8,clear sky
59,Constitucion,CL,-35.3333,-72.4167,58.64,75,64,5.91,broken clouds
60,Solnechnyy,RU,50.7214,136.6319,43.36,89,100,1.01,overcast clouds
61,Kodiak,US,57.79,-152.4072,51.31,76,100,11.5,overcast clouds
62,Muros,ES,42.7762,-9.0603,62.17,82,4,9.04,clear sky
63,Ahipara,NZ,-35.1667,173.1667,61.16,97,100,7.43,overcast clouds
64,Chokurdakh,RU,70.6333,147.9167,21.78,91,85,3.96,overcast clouds
65,Olafsvik,IS,64.8945,-23.7142,47.28,93,100,21.74,overcast clouds
66,Faanui,PF,-16.4833,-151.75,78.28,74,19,17.94,few clouds
67,Paamiut,GL,61.994,-49.6678,40.46,81,100,21.23,overcast clouds
68,Doha,QA,25.2867,51.5333,88.11,64,0,8.05,clear sky
69,Qaanaaq,GL,77.484,-69.3632,15.17,85,63,5.88,broken clouds
70,Clyde River,CA,70.4692,-68.5914,28.63,93,75,9.22,fog
71,Saldanha,ZA,-33.0117,17.9442,59.05,86,100,17.63,overcast clouds
72,Carhuamayo,PE,-10.9167,-76.0333,47.43,62,97,10.04,overcast clouds
73,Aksu,CN,41.1231,80.2644,66.83,26,100,5.01,overcast clouds
74,Cayhagan,PH,9.6697,122.4256,77.95,85,99,4.97,overcast clouds
75,Thompson,CA,55.7435,-97.8558,51.96,82,75,12.66,broken clouds
76,Lebu,CL,-37.6167,-73.65,54.59,78,100,14.18,overcast clouds
77,Kaitangata,NZ,-46.2817,169.8464,34.29,88,12,6.8,few clouds
78,Nadym,RU,65.5333,72.5167,27.97,88,63,7.02,broken clouds
79,Provideniya,RU,64.3833,-173.3,34.75,75,4,7.7,clear sky
80,Nemuro,JP,43.3236,145.575,57.88,75,20,7.34,few clouds
81,Berlevag,NO,70.8578,29.0864,44.55,70,0,18.41,clear sky
82,Airai,TL,-8.9266,125.4092,61.41,92,73,1.63,broken clouds
83,Boa Vista,BR,2.8197,-60.6733,93.18,40,20,5.75,few clouds
84,Cayenne,GF,4.9333,-52.3333,89.64,58,3,13.8,clear sky
85,Vostok,RU,46.4856,135.8833,48.34,89,9,6.08,clear sky
86,Albany,US,42.6001,-73.9662,61.18,60,5,1.01,clear sky
87,Upernavik,GL,72.7868,-56.1549,21.2,86,17,9.31,few clouds
88,Tasiilaq,GL,65.6145,-37.6368,33.67,89,100,6.08,overcast clouds
89,Bengkulu,ID,-3.8004,102.2655,74.68,91,96,5.19,overcast clouds
90,Port Hedland,AU,-20.3167,118.5667,71.65,73,75,8.05,broken clouds
91,Talnakh,RU,69.4865,88.3972,31.21,98,99,4.32,overcast clouds
92,Norman Wells,CA,65.282,-126.8329,44.64,61,40,17.27,scattered clouds
93,Bethel,US,41.3712,-73.414,65.93,62,8,8.99,clear sky
94,Buala,SB,-8.145,159.5921,78.39,80,12,3.91,few clouds
95,Meadow Lake,US,34.8014,-106.5436,78.67,25,82,7.58,broken clouds
96,Hasaki,JP,35.7333,140.8333,68.4,65,100,11.12,light rain
97,Severo-Yeniseyskiy,RU,60.3725,93.0408,24.71,96,98,3.85,overcast clouds
98,Barrow,US,71.2906,-156.7887,32.02,86,100,16.11,mist
99,Simao,CN,22.7886,100.9748,65.19,93,100,2.1,overcast clouds
100,Leningradskiy,RU,69.3833,178.4167,18.21,79,41,7.25,scattered clouds
101,Khatanga,RU,71.9667,102.5,27.88,94,100,4.05,overcast clouds
102,Spirit River,CA,55.7833,-118.8361,50.43,66,100,3.69,overcast clouds
103,Lososina,RU,48.9975,140.3106,50.72,87,100,11.1,overcast clouds
104,Ilulissat,GL,69.2167,-51.1,32.7,69,100,3.31,overcast clouds
105,Chulym,RU,55.0997,80.9572,30.58,97,100,11.43,light snow
106,Piracanjuba,BR,-17.3028,-49.0167,85.69,41,100,6.2,overcast clouds
107,Blackburn,GB,53.75,-2.4833,56.19,86,4,1.01,clear sky
108,Changtu,CN,42.7788,124.0955,63.95,66,12,15.52,few clouds
109,Port Hardy,CA,50.6996,-127.4199,55.58,100,100,4.61,mist
110,Kulykiv,UA,50.3142,24.8176,51.03,96,100,4.32,overcast clouds
111,Pevek,RU,69.7008,170.3133,26.26,67,1,4.56,clear sky
112,Cabedelo,BR,-6.9811,-34.8339,83.07,69,55,13.22,broken clouds
113,Yumen,CN,40.2833,97.2,59.56,32,0,8.68,clear sky
114,Half Moon Bay,US,37.4636,-122.4286,78.82,69,0,4.61,clear sky
115,San Vicente,AR,-26.6167,-54.1333,62.58,80,100,1.32,overcast clouds
116,Tabuk,PH,17.4189,121.4443,73.65,92,95,2.55,overcast clouds
117,Husavik,IS,66.0449,-17.3389,46.24,81,100,8.23,overcast clouds
118,Luderitz,NA,-26.6481,15.1594,58.01,84,0,16.78,clear sky
119,Seguela,CI,7.9611,-6.6731,71.98,94,89,3.62,overcast clouds
120,Hobart,AU,-42.8794,147.3294,40.05,93,53,9.22,broken clouds
121,Naze,JP,28.3667,129.4833,74.32,80,8,8.57,clear sky
122,Goderich,CA,43.7501,-81.7165,57.52,58,0,9.22,clear sky
123,Zambezi,ZM,-13.5432,23.1047,71.47,41,12,3.29,few clouds
124,Atuona,PF,-9.8,-139.0333,76.66,66,39,20.8,scattered clouds
125,Uray,RU,60.1247,64.7758,24.76,76,7,1.68,clear sky
126,Lata,PT,40.1629,-8.3327,60.93,85,36,7.7,scattered clouds
127,Byron Bay,AU,-28.65,153.6167,56.95,84,39,12.26,scattered clouds
128,Sao Filipe,CV,14.8961,-24.4956,80.49,83,6,8.39,clear sky
129,Itaituba,BR,-4.2761,-55.9836,96.96,52,40,11.5,scattered clouds
130,Umm Lajj,SA,25.0213,37.2685,85.73,54,0,6.64,clear sky
131,Lluta,PE,-16.0147,-72.0142,58.3,24,0,11.56,clear sky
132,Kaduna,NG,10.5222,7.4383,70.84,89,96,4.09,light rain
133,Matara,LK,5.9485,80.5353,77.25,89,100,9.8,overcast clouds
134,Pacific Grove,US,36.6177,-121.9166,77.38,81,0,10.0,clear sky
135,Clovis,US,36.8252,-119.7029,90.66,42,25,1.01,scattered clouds
136,Dikson,RU,73.5069,80.5464,35.26,85,15,16.82,few clouds
137,College,US,64.8569,-147.8028,51.28,57,60,3.0,broken clouds
138,Port Elizabeth,ZA,-33.918,25.5701,62.31,95,0,3.44,clear sky
139,Malanje,AO,-9.5402,16.341,67.28,82,38,4.41,light rain
140,Katima Mulilo,NA,-17.5,24.2667,74.19,26,9,6.67,clear sky
141,Roald,NO,62.5833,6.1333,54.91,87,0,3.44,clear sky
142,New Norfolk,AU,-42.7826,147.0587,39.7,81,49,1.77,scattered clouds
143,San Patricio,US,28.017,-97.5169,87.89,31,0,8.14,clear sky
144,Saint-Augustin,CA,51.226,-58.6502,58.5,47,98,7.65,overcast clouds
145,Cherskiy,RU,68.75,161.3,24.1,63,0,5.08,clear sky
146,Victoria,HK,22.2855,114.1577,84.38,86,97,13.0,light rain
147,Eyl,SO,7.9803,49.8164,77.68,82,85,19.57,overcast clouds
148,Codrington,AU,-38.2667,141.9667,45.32,95,97,7.2,overcast clouds
149,Kirakira,SB,-10.4544,161.9205,78.31,85,24,7.31,few clouds
150,Nelson Bay,AU,-32.7167,152.15,62.11,91,98,18.99,light rain
151,Waitati,NZ,-45.75,170.5667,42.8,67,6,4.97,clear sky
152,Dickinson,US,29.4608,-95.0513,85.01,36,0,3.0,clear sky
153,Dafeng,CN,23.4517,108.5881,76.12,90,100,0.72,overcast clouds
154,Vilcun,CL,-38.65,-72.2333,57.94,56,100,4.72,overcast clouds
155,Souillac,MU,-20.5167,57.5167,70.18,78,40,10.36,scattered clouds
156,Ketchikan,US,55.3422,-131.6461,57.67,94,100,9.22,overcast clouds
157,Pahrump,US,36.2083,-115.9839,93.83,17,8,8.99,clear sky
158,Bambous Virieux,MU,-20.3428,57.7575,70.05,78,40,10.36,scattered clouds
159,Chapais,CA,49.7834,-74.8492,47.98,53,100,8.52,overcast clouds
160,Bubaque,GW,11.2833,-15.8333,80.6,75,100,9.08,overcast clouds
161,Longyearbyen,SJ,78.2186,15.6401,40.84,93,75,3.44,broken clouds
162,Acapulco,MX,16.8634,-99.8901,84.81,71,17,6.26,few clouds
163,Ewa Beach,US,21.3156,-158.0072,83.41,68,13,11.99,few clouds
164,Axim,GH,4.8699,-2.2405,75.52,88,31,5.91,scattered clouds
165,Naron,ES,43.5167,-8.1528,61.65,89,9,5.73,clear sky
166,Luorong,CN,24.4058,109.6086,79.45,75,100,0.22,overcast clouds
167,Baraboo,US,43.4711,-89.7443,62.96,53,0,1.01,clear sky
168,Misratah,LY,32.3754,15.0925,79.09,76,0,18.28,clear sky
169,Saint-Paul,RE,-21.0096,55.2707,73.99,99,2,2.35,clear sky
170,Keffi,NG,8.8486,7.8736,73.76,92,47,2.86,light rain
171,Castro,BR,-24.7911,-50.0119,53.87,92,100,9.31,overcast clouds
172,Hobyo,SO,5.3505,48.5268,77.0,84,79,20.27,broken clouds
173,Port Alfred,ZA,-33.5906,26.891,66.43,84,100,13.67,light rain
174,Balikpapan,ID,-1.2675,116.8289,77.99,94,75,4.61,broken clouds
175,Eshowe,ZA,-28.8865,31.4699,64.33,90,58,8.79,broken clouds
176,Waverley,ZA,-25.7023,28.2591,73.53,42,0,5.75,clear sky
177,Waldoboro,US,44.0954,-69.3756,64.56,58,39,8.86,scattered clouds
178,Esperance,AU,-33.8667,121.9,51.04,86,0,11.63,clear sky
179,Digboi,IN,27.3833,95.6333,73.63,92,18,1.74,few clouds
180,Teya,RU,60.3778,92.6267,27.84,96,97,3.87,overcast clouds
181,Koungheul,SN,13.9833,-14.8,86.79,65,50,4.23,scattered clouds
182,Vardo,NO,70.3705,31.1107,44.58,93,0,4.61,clear sky
183,Beringovskiy,RU,63.05,179.3167,33.13,63,15,5.19,few clouds
184,Saint George,US,37.1041,-113.5841,86.79,31,41,1.99,scattered clouds
185,Ancud,CL,-41.8697,-73.8203,53.11,74,100,5.77,overcast clouds
186,Farah,AF,32.5,62.5,73.72,15,0,0.6,clear sky
187,Tenenkou,ML,14.4572,-4.9169,92.8,35,29,6.64,scattered clouds
188,San Quintin,MX,30.4833,-115.95,76.6,68,5,8.66,clear sky
189,Benghazi,LY,32.1167,20.0667,81.0,69,85,13.18,overcast clouds
190,Bumba,CD,2.1833,22.4667,70.48,88,14,2.82,few clouds
191,Kudahuvadhoo,MV,2.6708,72.8944,78.78,82,100,21.41,overcast clouds
192,Luza,RU,60.6308,47.2512,34.59,97,100,9.53,light snow
193,Camacha,PT,33.0833,-16.3333,69.22,60,40,13.8,scattered clouds
194,Huarmey,PE,-10.0681,-78.1522,67.69,70,11,11.88,few clouds
195,Portland,US,45.5234,-122.6762,65.61,91,100,1.99,overcast clouds
196,Oda,JP,35.1833,132.5,65.34,76,0,4.41,clear sky
197,Geraldton,AU,-28.7667,114.6,61.21,63,7,5.75,clear sky
198,Fredericksburg,US,38.3032,-77.4605,70.92,51,0,11.5,clear sky
199,San Jeronimo,PE,-11.9472,-75.2829,65.52,38,85,11.27,overcast clouds
200,Tuatapere,NZ,-46.1333,167.6833,37.65,83,88,0.63,overcast clouds
201,Hilo,US,19.7297,-155.09,86.29,87,40,1.99,scattered clouds
202,La Ronge,CA,55.1001,-105.2842,64.62,63,40,12.66,scattered clouds
203,Mount Isa,AU,-20.7333,139.5,62.37,39,0,3.44,clear sky
204,Saskylakh,RU,71.9167,114.0833,24.37,96,100,8.14,overcast clouds
205,Takhtamygda,RU,54.1,123.5667,22.71,99,88,2.53,overcast clouds
206,Port Augusta,AU,-32.5,137.7667,48.83,74,6,4.99,clear sky
207,Yar-Sale,RU,66.8333,70.8333,32.25,71,100,2.89,overcast clouds
208,Kotlas,RU,61.2611,46.6556,34.54,97,100,8.95,light snow
209,Hami,CN,42.8,93.45,67.93,27,100,2.55,overcast clouds
210,Tsaratanana,MG,-16.7833,47.65,66.43,67,0,9.93,clear sky
211,Leh,IN,34.1667,77.5833,48.76,55,44,4.09,scattered clouds
212,Iskateley,RU,67.6803,53.1512,27.99,79,11,8.37,few clouds
213,Taungdwingyi,MM,20.0167,95.55,77.52,90,100,1.9,light rain
214,Beaverlodge,CA,55.2166,-119.4361,54.75,55,81,5.06,broken clouds
215,Matay,EG,28.419,30.7792,91.72,23,0,16.58,clear sky
216,Ixtapa,MX,20.7,-105.2,88.23,70,99,3.0,overcast clouds
217,Dobrun,RU,53.1851,34.2462,50.07,87,100,4.47,overcast clouds
218,Kalmunai,LK,7.4167,81.8167,79.79,80,25,7.76,scattered clouds
219,Ambulu,ID,-8.345,113.6058,76.35,86,100,0.47,overcast clouds
220,Iwanai,JP,42.9744,140.5089,58.15,95,6,4.52,clear sky
221,Torbay,CA,47.6666,-52.7314,61.75,88,100,6.91,overcast clouds
222,Washington,US,47.5001,-120.5015,71.56,39,78,4.43,broken clouds
223,Piranshahr,IR,36.701,45.1413,67.23,17,0,5.59,clear sky
224,Ninghai,CN,29.2892,121.4247,72.66,95,94,2.19,overcast clouds
225,Porecatu,BR,-22.7558,-51.3792,71.01,69,100,10.45,overcast clouds
226,Brookings,US,44.3114,-96.7984,70.38,46,4,22.08,clear sky
227,Kloulklubed,PW,7.0419,134.2556,83.93,72,6,12.17,clear sky
228,Talas,TR,38.6908,35.5538,59.67,63,0,0.0,clear sky
229,Mahibadhoo,MV,3.7833,72.9667,79.9,81,96,19.19,heavy intensity rain
230,Gualeguay,AR,-33.1416,-59.3097,64.98,35,100,10.71,overcast clouds
231,Polunochnoye,RU,60.8697,60.4153,21.43,90,55,2.04,broken clouds
232,George,ZA,-33.963,22.4617,60.35,94,100,5.75,overcast clouds
233,Cidreira,BR,-30.1811,-50.2056,62.65,58,100,12.1,overcast clouds
234,Tromso,NO,69.6496,18.957,48.38,66,75,4.61,broken clouds
235,Laguna,US,38.421,-121.4238,85.01,52,0,5.75,clear sky
236,Dudinka,RU,69.4058,86.1778,29.97,98,99,8.01,overcast clouds
237,Edson,CA,53.5835,-116.4356,62.65,51,100,4.21,overcast clouds
238,Tanout,NE,14.9709,8.8879,92.37,33,49,6.2,scattered clouds
239,Petropavlovsk-Kamchatskiy,RU,53.0452,158.6483,37.99,93,20,8.95,few clouds
240,Praia Da Vitoria,PT,38.7333,-27.0667,71.76,68,46,4.68,scattered clouds
241,Mentougou,CN,39.9392,116.0917,61.74,53,0,2.19,clear sky
242,Rawson,AR,-43.3002,-65.1023,75.69,28,0,26.51,clear sky
243,Durham,US,36.0335,-78.8664,68.77,62,75,20.71,broken clouds
244,Yatou,CN,37.15,122.3833,64.54,88,0,8.21,clear sky
245,Mangrol,IN,21.1167,70.1167,79.32,76,7,7.96,clear sky
246,Atlantic City,US,39.3643,-74.4229,70.18,58,100,7.0,overcast clouds
247,Luau,AO,-10.7073,22.2247,68.94,68,37,2.42,scattered clouds
248,Hay River,CA,60.8156,-115.7999,44.58,61,75,9.22,broken clouds
249,Hays,US,30.0502,-98.0336,91.45,30,0,3.0,clear sky
250,Flinders,AU,-34.5833,150.8552,58.17,86,66,7.0,broken clouds
251,Belyy Yar,RU,53.6039,91.3903,33.69,69,0,11.18,clear sky
252,Praia,CV,14.9215,-23.5087,82.35,80,5,11.86,clear sky
253,Luanda,AO,-8.8368,13.2343,72.84,86,79,2.95,light rain
254,Eureka,US,40.8021,-124.1637,71.67,81,0,8.99,clear sky
255,Ponta Do Sol,PT,32.6667,-17.1,72.23,75,44,5.08,scattered clouds
256,Ouesso,CG,1.6136,16.0517,72.45,87,27,2.53,scattered clouds
257,Grand Gaube,MU,-20.0064,57.6608,69.39,70,2,3.0,clear sky
258,Moron,AR,-34.6534,-58.6198,67.01,37,100,8.68,overcast clouds
259,Borba,BR,-4.3878,-59.5939,102.79,22,96,4.45,overcast clouds
260,Dunedin,NZ,-45.8742,170.5036,42.8,66,7,4.0,clear sky
261,Nueve De Julio,AR,-35.4444,-60.8831,68.97,29,100,1.99,overcast clouds
262,Mehamn,NO,71.0357,27.8492,44.51,93,0,8.05,clear sky
263,South Valley,US,35.0101,-106.6781,81.21,24,0,0.0,clear sky
264,Nanortalik,GL,60.1432,-45.2371,40.98,96,83,13.24,broken clouds
265,Quatre Cocos,MU,-20.2078,57.7625,69.1,72,22,13.58,few clouds
266,Namatanai,PG,-3.6667,152.4333,77.61,75,92,9.78,overcast clouds
267,Xiaoyi,CN,34.6178,109.703,69.76,46,92,3.42,overcast clouds
268,Caruray,PH,10.3094,119.0128,79.05,83,100,1.81,overcast clouds
269,Sergeyevka,KZ,53.88,67.4158,27.32,64,6,4.72,clear sky
270,Urgut,UZ,39.4022,67.2431,58.62,36,58,0.63,broken clouds
271,Sitka,US,57.0531,-135.33,57.87,96,100,7.36,light rain
272,Salalah,OM,17.0151,54.0924,79.75,81,96,5.99,overcast clouds
273,Sakaraha,MG,-22.9,44.5333,66.7,51,0,2.46,clear sky
274,Kyakhta,RU,50.3508,106.4494,41.65,88,100,1.52,overcast clouds
275,Redmond,US,47.674,-122.1215,68.76,75,79,3.0,broken clouds
276,Gawler,AU,-34.6,138.7333,51.98,93,100,4.03,overcast clouds
277,Riacho De Santana,BR,-13.6092,-42.9389,94.15,20,5,11.48,clear sky
278,Placido De Castro,BR,-10.3353,-67.1856,82.42,75,67,6.42,broken clouds
279,Trairi,BR,-3.2778,-39.2689,81.97,65,11,15.66,few clouds
280,Vestmannaeyjar,IS,63.4427,-20.2734,50.32,93,100,13.8,light rain
281,Isangel,VU,-19.55,169.2667,74.23,75,100,10.22,overcast clouds
282,Skjervoy,NO,70.0311,20.9714,46.4,72,10,13.18,clear sky
283,Asau,RO,46.4333,26.4,60.28,76,72,5.12,broken clouds
284,Yakeshi,CN,49.2833,120.7333,34.47,85,76,3.69,broken clouds
285,Harrison,US,30.4091,-89.0436,77.05,34,0,13.51,clear sky
286,Soria,ES,41.6667,-2.6667,49.1,100,86,1.9,overcast clouds
287,Kangaatsiaq,GL,68.3065,-53.4641,36.7,83,100,7.96,overcast clouds
288,Lompoc,US,34.6391,-120.4579,88.02,71,16,5.01,few clouds
289,Atar,MR,20.5169,-13.0499,96.3,20,26,12.17,scattered clouds
290,Lagoa,PT,39.05,-27.9833,67.41,63,6,6.04,clear sky
291,Bathsheba,BB,13.2167,-59.5167,79.41,89,75,11.5,broken clouds
292,Aquidauana,BR,-20.4711,-55.7872,77.7,69,99,3.24,overcast clouds
293,Narsaq,GL,60.9167,-46.05,44.82,82,96,1.1,overcast clouds
294,Catuday,PH,16.2923,119.8062,79.36,79,98,2.17,overcast clouds
295,Sola,VU,-13.8833,167.55,80.08,65,75,15.43,broken clouds
296,Carnarvon,AU,-24.8667,113.6333,68.38,70,0,19.37,clear sky
297,Meulaboh,ID,4.1363,96.1285,74.77,94,100,5.1,moderate rain
298,Chokwe,MZ,-24.5333,32.9833,74.05,66,0,6.49,clear sky
299,Salym,RU,60.0625,71.4789,24.85,83,13,5.17,few clouds
300,Bosaso,SO,11.2842,49.1816,85.95,67,5,2.3,clear sky
301,Henties Bay,NA,-22.116,14.2845,56.32,93,24,4.63,few clouds
302,Jalu,LY,29.0331,21.5482,93.51,13,0,7.45,clear sky
303,Maarianhamina,AX,60.0973,19.9348,42.66,93,40,3.44,scattered clouds
304,Altay,CN,47.8667,88.1167,35.35,73,100,6.02,overcast clouds
305,Usinsk,RU,65.9939,57.5281,28.15,76,11,8.3,few clouds
306,Poum,NC,-20.2333,164.0167,77.16,77,98,18.88,overcast clouds
307,Rosetta,EG,31.4044,30.4164,79.52,73,0,12.95,clear sky
308,Mutoko,ZW,-17.397,32.2268,61.03,43,0,5.1,clear sky
309,Aksarka,RU,66.5606,67.7975,27.45,84,76,2.77,broken clouds
310,Rocha,UY,-34.4833,-54.3333,58.53,57,100,10.07,overcast clouds
311,Tommot,RU,58.9564,126.2925,28.54,78,100,2.19,overcast clouds
312,Acajutla,SV,13.5928,-89.8275,83.61,74,85,6.11,overcast clouds
313,Chabahar,IR,25.2919,60.643,79.65,76,17,4.52,few clouds
314,Lensk,RU,60.7253,114.9278,25.09,84,19,1.79,few clouds
315,Haines Junction,CA,60.7522,-137.5108,44.08,94,100,5.41,light rain
316,Wamba,NG,8.9333,8.6,73.02,92,52,1.28,broken clouds
317,Karratha,AU,-20.7377,116.8463,70.57,70,0,8.61,clear sky
318,Faya,SA,18.3851,42.4509,64.92,27,6,5.23,clear sky
319,Tahoua,NE,14.8888,5.2692,91.62,38,12,7.38,few clouds
320,Mount Gambier,AU,-37.8333,140.7667,44.51,93,100,3.44,fog
321,Ridgecrest,US,35.6225,-117.6709,96.66,13,75,13.8,broken clouds
322,Hachinohe,JP,40.5,141.5,57.45,91,11,5.46,few clouds
323,Santiago De Cao,PE,-7.9589,-79.2392,60.93,88,75,14.97,fog
324,General Pico,AR,-35.6566,-63.7568,72.97,23,100,12.12,overcast clouds
325,Itarema,BR,-2.9248,-39.9167,82.49,66,22,18.25,few clouds
326,Port Blair,IN,11.6667,92.75,81.03,83,95,13.4,overcast clouds
327,Channel-Port Aux Basques,CA,47.5702,-59.1367,53.42,86,96,13.04,overcast clouds
328,Hambantota,LK,6.1241,81.1185,79.14,94,20,6.91,few clouds
329,Karoi,ZW,-16.8099,29.6925,66.85,40,1,6.51,clear sky
330,Flin Flon,CA,54.7682,-101.865,67.44,60,69,8.79,broken clouds
331,Jaffrey,US,42.814,-72.0231,62.8,59,0,11.5,clear sky
332,Whitehorse,CA,60.7161,-135.0538,52.02,76,100,24.0,overcast clouds
333,Pishva,IR,35.308,51.7267,82.45,12,0,3.33,clear sky
334,Lorengau,PG,-2.0226,147.2712,80.94,77,100,8.19,overcast clouds
335,Rudbar,AF,30.15,62.6,77.54,16,0,1.77,clear sky
336,Christchurch,NZ,-43.5333,172.6333,44.91,77,75,6.91,broken clouds
337,Ballina,AU,-28.8667,153.5667,57.02,91,41,12.82,scattered clouds
338,Curtisoara,RO,44.5,24.3333,62.94,68,4,4.09,clear sky
339,Takoradi,GH,4.8845,-1.7554,75.85,86,5,7.9,clear sky
340,Glenwood Springs,US,39.5505,-107.3248,74.21,57,75,6.91,broken clouds
341,Greymouth,NZ,-42.4667,171.2,48.29,85,100,12.84,overcast clouds
342,Santa Maria,BR,-29.6842,-53.8069,56.82,89,100,6.35,overcast clouds
343,Bairnsdale,AU,-37.8333,147.6167,51.46,93,100,5.79,overcast clouds
344,Lavrentiya,RU,65.5833,-171.0,35.96,73,97,13.53,overcast clouds
345,Eirunepe,BR,-6.6603,-69.8736,95.83,38,100,1.68,overcast clouds
346,Jardim,BR,-21.4803,-56.1381,70.86,83,100,3.69,overcast clouds
347,Amberley,US,39.2048,-84.428,68.07,57,20,11.5,few clouds
348,Keflavik,IS,64.0049,-22.5624,50.43,100,100,10.36,mist
349,San Policarpo,PH,12.1791,125.5072,80.92,80,100,11.25,overcast clouds
350,Hovd,MN,48.0056,91.6419,43.65,41,17,10.18,few clouds
351,North Bend,US,43.4065,-124.2243,65.91,93,100,9.22,mist
352,Tazovskiy,RU,67.4667,78.7,33.33,73,100,8.97,overcast clouds
353,Melendugno,IT,40.2747,18.3368,72.05,70,6,12.55,clear sky
354,Kavaratti,IN,10.5669,72.642,81.19,74,100,11.9,overcast clouds
355,Svetlogorsk,BY,52.6333,29.7333,52.61,86,100,6.89,overcast clouds
356,Tirumullaivasal,IN,11.2333,79.8333,79.63,84,99,9.55,overcast clouds
357,Ust-Maya,RU,60.4167,134.5333,25.86,74,100,3.91,overcast clouds
358,Tezu,IN,27.9167,96.1667,75.34,74,18,3.42,few clouds
359,Sur,OM,22.5667,59.5289,80.47,75,0,15.55,clear sky
360,Paramaribo,SR,5.8667,-55.1667,95.05,41,20,2.3,few clouds
361,Vila Franca Do Campo,PT,37.7167,-25.4333,74.19,66,85,5.01,overcast clouds
362,Jiazi,CN,22.8779,116.067,77.88,89,73,8.86,broken clouds
363,Srednekolymsk,RU,67.45,153.6833,23.45,72,16,9.17,few clouds
364,Santiago Del Estero,AR,-27.7951,-64.2615,76.55,25,38,5.77,scattered clouds
365,Hamilton,US,39.1834,-84.5333,68.76,57,20,13.8,few clouds
366,Tailai,CN,46.3833,123.4,53.44,49,100,8.68,overcast clouds
367,Honiara,SB,-9.4333,159.95,76.55,83,3,2.73,clear sky
368,Alta Floresta,BR,-9.8756,-56.0861,92.93,30,99,4.29,overcast clouds
369,Puerto Narino,CO,-3.7703,-70.3831,98.85,32,63,3.96,broken clouds
370,Port Macquarie,AU,-31.4333,152.9167,59.9,86,100,20.78,overcast clouds
371,Azare,NG,11.6765,10.1948,80.47,64,24,6.49,few clouds
372,Ajdabiya,LY,30.7554,20.2263,84.56,45,9,8.39,clear sky
373,Riviere-Au-Renard,CA,48.9957,-64.3971,52.11,68,40,17.36,scattered clouds
374,Rio Gallegos,AR,-51.6226,-69.2181,57.25,47,75,13.8,broken clouds
375,Tiksi,RU,71.6872,128.8694,19.92,93,100,5.32,overcast clouds
376,Pontianak,ID,-0.0333,109.3333,76.98,94,100,1.14,overcast clouds
377,Marsa Matruh,EG,31.3525,27.2453,82.54,60,0,13.87,clear sky
378,Karlstad,SE,59.3793,13.5036,46.96,76,75,5.75,broken clouds
379,Sabang,ID,5.8933,95.3214,79.38,84,100,24.74,light rain
380,Shimoda,JP,34.6667,138.95,66.11,88,100,14.79,overcast clouds
381,Piranhas,BR,-16.4269,-51.8222,91.72,34,97,3.65,overcast clouds
382,Quepos,CR,9.4236,-84.1652,81.93,79,91,5.53,overcast clouds
383,Itoman,JP,26.1247,127.6694,78.82,89,0,1.14,clear sky
384,Havre-Saint-Pierre,CA,50.2334,-63.5986,50.81,75,86,11.07,overcast clouds
385,Pontian Kecil,MY,1.4801,103.3899,78.12,87,94,4.45,overcast clouds
386,Port Lincoln,AU,-34.7333,135.8667,52.12,86,100,10.92,overcast clouds
387,Lanivtsi,UA,49.8633,26.0908,53.62,93,99,5.79,overcast clouds
388,Liwale,TZ,-9.7667,37.9333,71.15,68,96,7.83,overcast clouds
389,Port-Gentil,GA,-0.7193,8.7815,76.96,83,20,4.61,few clouds
390,Tura,IN,25.5198,90.2201,73.26,94,19,3.74,few clouds
391,Chico,US,39.7285,-121.8375,85.64,38,0,5.75,clear sky
392,Palafrugell,ES,41.9174,3.1631,56.46,90,100,8.01,light rain
393,Polyarnyy,RU,69.1989,33.4478,37.04,58,3,9.69,clear sky
394,Coquimbo,CL,-29.9533,-71.3436,56.93,82,100,11.5,overcast clouds
395,Hofn,IS,64.2539,-15.2082,47.55,97,100,13.22,overcast clouds
396,Tigil,RU,57.8,158.6667,39.02,94,100,9.55,light rain
397,Erdemli,TR,36.605,34.3084,81.16,58,0,5.88,clear sky
398,Vuktyl,RU,63.8567,57.3094,27.66,73,4,6.76,clear sky
399,Kuryk,KZ,43.2,51.65,72.55,30,8,10.2,clear sky
400,Labuan,MY,5.2767,115.2417,82.0,80,100,10.0,overcast clouds
401,Aklavik,CA,68.2191,-135.0107,32.47,93,41,9.19,scattered clouds
402,Belaya Gora,RU,68.5333,146.4167,21.34,86,56,5.3,broken clouds
403,Viedma,AR,-40.8135,-62.9967,74.98,23,0,19.19,clear sky
404,Pulandian,CN,39.3953,121.9669,64.78,96,2,3.85,clear sky
405,Etchoropo,MX,26.7667,-109.6667,95.41,41,0,5.17,clear sky
406,Katsuura,JP,35.1333,140.3,68.02,85,100,14.76,light rain
407,Westport,US,41.1415,-73.3579,68.14,55,20,9.22,few clouds
408,Harper,LR,4.375,-7.7169,76.51,85,17,6.6,few clouds
409,Te Anau,NZ,-45.4167,167.7167,32.34,91,6,3.18,clear sky
410,Waipawa,NZ,-41.4122,175.5153,46.22,96,100,12.48,light rain
411,Akyab,MM,20.15,92.9,81.32,87,100,8.97,very heavy rain
412,Filadelfia,US,39.9523,-75.1638,71.04,49,20,12.66,few clouds
413,Mantua,IT,45.1667,10.7833,61.99,82,100,3.0,overcast clouds
414,Mitsamiouli,KM,-11.3847,43.2844,75.72,72,23,2.19,few clouds
415,Irece,BR,-11.3042,-41.8558,91.47,16,99,5.66,overcast clouds
416,Purepero,MX,19.9167,-102.0167,69.49,50,62,4.85,broken clouds
417,Sudogda,RU,55.9539,40.8629,50.77,91,96,4.92,overcast clouds
418,Huntley,US,42.1681,-88.4281,65.01,54,0,5.01,clear sky
419,Kendari,ID,-3.945,122.4989,76.21,92,47,4.14,moderate rain
420,Bontang,ID,0.1333,117.5,77.16,86,100,7.18,overcast clouds
421,Southbridge,US,42.0751,-72.0334,67.39,66,1,3.0,clear sky
422,Stromness,GB,58.965,-3.296,51.87,87,86,13.0,overcast clouds
423,Belen De Umbria,CO,5.2009,-75.8687,74.05,69,100,3.36,overcast clouds
424,Quthing,LS,-30.4,27.7003,70.02,38,11,5.08,few clouds
425,Paris,FR,48.8534,2.3488,54.37,83,20,1.14,few clouds
426,Pundaguitan,PH,6.3711,126.1689,82.78,72,91,8.99,overcast clouds
427,Mecca,SA,21.4267,39.8261,88.02,39,0,1.39,clear sky
428,Izvestkovyy,RU,48.9833,131.55,46.63,86,100,3.15,overcast clouds
429,North Platte,US,41.1239,-100.7654,80.49,35,0,14.97,clear sky
430,Xam Nua,LA,20.4197,104.0439,66.96,100,100,1.95,moderate rain
431,Canakkale,TR,40.0833,26.8333,64.98,85,0,4.36,clear sky
432,Necochea,AR,-38.5473,-58.7368,64.0,37,100,12.17,overcast clouds
433,Pontiac,US,42.6389,-83.2911,60.08,60,40,0.0,scattered clouds
434,Athabasca,CA,54.7169,-113.2854,64.76,52,100,11.65,overcast clouds
435,Conde,BR,-7.2597,-34.9075,81.86,69,40,14.97,scattered clouds
436,Berdigestyakh,RU,62.0989,126.6992,21.63,89,20,4.34,few clouds
437,Kirkenaer,NO,60.4564,12.0582,47.03,77,97,2.33,overcast clouds
438,Mazatlan,MX,23.2167,-106.4167,90.91,74,40,5.01,scattered clouds
439,Altoona,US,40.5187,-78.3947,63.61,62,0,6.71,clear sky
440,Araouane,ML,18.9048,-3.5265,102.56,14,7,6.64,clear sky
441,Hollister,US,36.8525,-121.4016,86.07,49,0,0.0,clear sky
442,Mawlaik,MM,23.6333,94.4167,77.72,86,66,1.01,broken clouds
443,Uttarkashi,IN,30.7333,78.45,64.18,82,5,6.29,clear sky
444,Morganton,US,35.7454,-81.6848,71.82,51,0,10.0,clear sky
445,Barmer,IN,25.75,71.3833,84.15,52,24,12.59,few clouds
446,Dali,CN,25.7,100.1833,58.6,92,17,2.73,few clouds
447,Qianan,CN,44.9932,124.0581,58.35,91,100,5.61,overcast clouds
448,Chuy,UY,-33.6971,-53.4616,58.96,61,100,9.37,overcast clouds
449,Beidao,CN,34.5686,105.8933,59.63,91,100,3.53,overcast clouds
450,Okitipupa,NG,6.5047,4.7839,74.1,95,100,3.31,light rain
451,Rozzano,IT,45.3819,9.1606,63.01,83,40,8.05,light rain
452,Lydenburg,ZA,-25.0978,30.4597,59.4,66,0,2.13,clear sky
453,Los Llanos De Aridane,ES,28.6585,-17.9182,69.55,92,75,16.11,broken clouds
454,Tomatlan,MX,19.9333,-105.25,89.42,61,13,6.29,few clouds
455,Batagay,RU,67.6333,134.6333,24.76,95,100,3.22,overcast clouds
456,Khandyga,RU,62.6667,135.6,27.12,90,100,2.53,overcast clouds
457,Gat,IL,31.61,34.7642,82.4,100,0,6.82,clear sky
458,Albanel,CA,48.8832,-72.4487,55.26,39,65,5.84,broken clouds
459,Sainte-Suzanne,RE,-20.9061,55.6089,74.1,83,11,5.75,few clouds
460,Kothi,IN,24.75,80.7833,78.93,66,2,4.14,clear sky
461,Tottori,JP,35.5,134.2333,62.02,58,0,4.72,clear sky
462,Katherine,AU,-14.4667,132.2667,79.12,57,16,8.05,few clouds
463,Ndungu,TZ,-4.3667,38.05,69.31,86,51,3.74,broken clouds
464,Novaya Igirma,RU,57.1334,103.9112,31.1,94,97,5.88,overcast clouds
465,Kandrian,PG,-6.2167,149.55,76.64,90,90,7.58,overcast clouds
466,Sembe,CG,1.6481,14.5806,70.97,95,36,2.01,light rain
467,Cabo San Lucas,MX,22.8909,-109.9124,89.91,62,20,12.66,few clouds
468,Kapoeta,SS,4.7717,33.5903,83.05,45,98,2.48,overcast clouds
469,Canon City,US,38.441,-105.2424,86.16,17,0,12.66,clear sky
470,Luangwa,ZM,-15.6167,30.4167,75.56,40,0,2.15,clear sky
471,Ilhabela,BR,-23.7781,-45.3581,64.38,90,100,7.29,overcast clouds
472,Kalianget,ID,-7.05,113.9333,81.5,72,100,6.13,overcast clouds
473,Richards Bay,ZA,-28.783,32.0377,70.95,88,0,10.47,clear sky
474,Parrita,CR,9.5201,-84.3225,82.78,76,76,6.29,broken clouds
475,Comodoro Rivadavia,AR,-45.8667,-67.5,73.26,13,0,19.57,clear sky
476,Tabas,IR,33.5959,56.9244,82.67,11,0,3.98,clear sky
477,Sobolevo,RU,54.4299,31.8996,52.7,78,100,10.2,light rain
478,Chaihe,CN,44.7667,129.7,52.74,79,6,5.17,clear sky
479,Itarare,BR,-24.1125,-49.3317,59.29,80,100,11.27,overcast clouds
480,Puksoozero,RU,62.5903,40.6066,32.11,96,100,7.11,light snow
481,Poya,NC,-21.35,165.15,72.86,84,100,7.14,overcast clouds
482,Okhotsk,RU,59.3833,143.3,35.73,73,95,13.67,overcast clouds
483,Saint-Francois,FR,46.4154,3.9054,49.44,93,75,3.44,broken clouds
484,Riyadh,SA,24.6877,46.7219,84.34,13,0,10.83,clear sky
485,Naraina,IN,26.7833,75.2,81.05,55,38,8.97,scattered clouds
486,Lokomotivnyy,RU,53.0118,60.5684,33.35,99,100,10.56,light snow
487,Elektrogorsk,RU,55.8794,38.7919,47.35,94,19,4.03,few clouds
488,Turukhansk,RU,65.8167,87.9833,23.68,88,100,5.88,overcast clouds
489,Svetlaya,RU,46.5389,138.3297,52.2,81,24,7.34,few clouds
490,Puerto Baquerizo Moreno,EC,-0.9,-89.6,72.59,73,75,11.5,broken clouds
491,Monte Alegre De Minas,BR,-18.8706,-48.8808,84.15,41,100,9.71,overcast clouds
492,Noshiro,JP,40.2039,140.0242,59.99,91,4,5.06,clear sky
493,Gold Coast,AU,-28.0,153.4333,57.99,90,39,5.75,scattered clouds
494,Liverpool,GB,53.4106,-2.9779,56.28,83,0,6.91,clear sky
495,Namtsy,RU,62.7161,129.6658,23.07,89,87,6.96,overcast clouds
496,Zhigansk,RU,66.7697,123.3711,26.04,87,97,9.64,overcast clouds
497,Anadyr,RU,64.75,177.4833,28.9,79,0,4.47,clear sky
498,Bulalacao,PH,12.3254,121.3435,79.59,82,100,9.44,heavy intensity rain
499,Kula,TR,38.5473,28.6498,66.56,57,0,1.5,clear sky
500,Lasa,IT,46.6166,10.7002,47.7,95,100,3.42,overcast clouds
501,Emba,KZ,48.8264,58.1442,52.05,33,100,17.11,overcast clouds
502,Egvekinot,RU,66.3167,-179.1667,20.93,79,16,3.98,few clouds
503,Brigantine,US,39.4101,-74.3646,67.01,60,20,10.36,few clouds
504,Margate,GB,51.3813,1.3862,54.7,73,18,4.88,few clouds
505,Kawalu,ID,-7.3817,108.2082,71.38,96,99,1.34,overcast clouds
506,Rengali,IN,21.6333,84.05,76.78,87,95,2.68,overcast clouds
507,Dindori,IN,22.95,81.0833,70.66,79,1,2.62,clear sky
508,San Carlos De Bariloche,AR,-41.1456,-71.3082,66.43,38,100,8.28,overcast clouds
509,Uchaly,RU,54.2996,59.4521,30.72,98,100,7.54,light snow
510,Ibra,OM,22.6906,58.5334,79.03,67,1,8.81,clear sky
511,Trelew,AR,-43.249,-65.3051,79.74,23,0,25.52,clear sky
512,Bantry,IE,51.6833,-9.45,54.79,83,100,4.45,overcast clouds
513,Klaksvik,FO,62.2266,-6.589,47.32,80,100,19.71,overcast clouds
514,Caborca,MX,30.5838,-111.101,79.05,51,91,4.09,overcast clouds
515,Nome,US,64.5011,-165.4064,42.87,82,100,13.8,overcast clouds
516,Jasper,US,37.2001,-94.3502,76.1,28,0,9.22,clear sky
517,Palana,RU,59.1167,159.9667,39.85,95,100,11.61,moderate rain
518,Nazare,BR,-13.035,-39.0144,81.14,55,11,7.61,few clouds
519,Villa Maria,AR,-32.4075,-63.2402,72.82,32,100,9.13,overcast clouds
520,Makinsk,KZ,52.6292,70.4169,24.49,67,8,4.05,clear sky
521,Ouallam,NE,14.3188,2.0866,93.52,35,15,6.85,few clouds
522,Rabo De Peixe,PT,37.8,-25.5833,73.27,57,75,4.61,broken clouds
523,Gongzhuling,CN,43.5008,124.8198,63.43,67,19,13.51,few clouds
524,Dwarka,IN,22.2394,68.9678,80.44,70,85,7.58,overcast clouds
525,Prince Rupert,CA,54.3161,-130.3201,61.57,79,77,2.08,broken clouds
526,Ternate,ID,0.8,127.4,80.02,81,88,5.37,overcast clouds
527,Mayya,RU,61.7333,130.2811,27.72,92,94,3.02,overcast clouds
528,Russkiy Aktash,RU,55.0384,52.1214,43.2,94,100,9.53,overcast clouds
529,Wanning,CN,18.8003,110.3967,78.6,90,100,6.93,overcast clouds
530,Houma,US,29.5958,-90.7195,75.99,44,0,13.8,clear sky
531,Maragogi,BR,-9.0122,-35.2225,78.4,69,89,8.99,overcast clouds
532,Clarence Town,AU,-32.5833,151.7833,61.99,92,93,9.95,light rain
533,Bandarban,BD,22.1965,92.2262,76.23,99,100,1.77,overcast clouds
534,Sorland,NO,67.667,12.6934,51.66,72,100,4.83,overcast clouds
535,Bose,IT,45.4612,8.0137,58.64,79,100,4.85,overcast clouds
536,Moussoro,TD,13.6408,16.4901,88.25,44,36,7.58,scattered clouds
537,Stornoway,GB,58.2093,-6.3865,51.76,84,75,12.66,broken clouds
538,Erzincan,TR,39.75,39.5,69.1,37,0,12.66,clear sky
539,Council Bluffs,US,41.2619,-95.8608,73.49,36,20,20.71,few clouds
540,San Buenaventura,MX,27.0833,-101.5333,83.32,34,20,0.0,few clouds
541,Fonte Boa,BR,-2.4959,-66.2662,93.4,42,98,1.86,overcast clouds
542,Dzaoudzi,YT,-12.7887,45.2699,75.09,83,0,4.61,clear sky
543,Vauvert,FR,43.7,4.2833,63.99,82,100,2.3,overcast clouds
544,Ayan,RU,56.45,138.1667,36.55,58,100,9.53,overcast clouds
545,Matamoros,MX,25.5333,-103.25,78.91,37,20,6.91,few clouds
546,Mundra,IN,22.85,69.7333,80.44,70,15,10.2,few clouds
547,Nhulunbuy,AU,-12.2333,136.7667,77.61,88,86,8.05,overcast clouds
548,Saint Cloud,US,45.5608,-94.1625,67.37,45,0,13.8,clear sky
549,Yeppoon,AU,-23.1333,150.7333,51.58,57,0,5.41,clear sky
550,Beziers,FR,43.3476,3.219,60.39,82,100,4.61,overcast clouds
551,Kruisfontein,ZA,-34.0033,24.7314,61.56,87,100,11.32,overcast clouds
552,Zanjan,IR,36.6736,48.4787,69.85,17,0,3.42,clear sky
553,Banda Aceh,ID,5.5577,95.3222,77.11,89,100,15.35,moderate rain
554,Essau,GM,13.4839,-16.5347,82.56,80,100,9.69,overcast clouds
555,Grand Forks,US,47.9417,-97.4337,62.33,44,20,13.8,few clouds
556,Rimouski,CA,48.4488,-68.524,51.17,52,6,9.28,clear sky
557,Nefteyugansk,RU,61.0998,72.6035,26.89,74,17,8.34,few clouds
558,Whitianga,NZ,-36.8333,175.7,60.26,98,100,6.6,overcast clouds
559,Salcininkai,LT,54.3,25.3833,45.82,85,100,5.7,overcast clouds
560,Ciechocinek,PL,52.8791,18.7951,44.67,69,55,4.47,broken clouds
561,Sirsa,IN,29.5333,75.0167,80.6,55,0,5.5,clear sky
562,Verkhnevilyuysk,RU,63.4453,120.3167,23.97,97,88,3.96,overcast clouds
563,Magaria,NE,12.9983,8.9099,88.02,45,9,7.49,clear sky
564,Nidzica,PL,53.3605,20.4275,38.79,78,99,5.64,overcast clouds
565,Pitiquito,MX,30.7,-112.0833,79.52,55,100,12.91,overcast clouds
566,Tres Arroyos,AR,-38.3739,-60.2798,68.65,20,100,11.83,overcast clouds
567,Portobelo,PA,9.55,-79.65,83.95,73,51,6.85,broken clouds
568,Pisco,PE,-13.7,-76.2167,66.02,72,4,10.36,haze
569,Makakilo City,US,21.3469,-158.0858,82.72,60,0,11.5,clear sky
570,Garissa,KE,-0.4536,39.6401,76.93,64,22,23.13,few clouds
571,Vila Velha,BR,-20.3297,-40.2925,75.15,89,75,12.66,broken clouds
572,Saint-Pierre,RE,-21.3393,55.4781,73.56,77,75,13.8,broken clouds
573,Muisne,EC,0.6,-80.0333,77.29,76,72,12.44,broken clouds
574,Noumea,NC,-22.2763,166.4572,69.78,85,100,0.89,light rain
575,Manokwari,ID,-0.8667,134.0833,77.94,74,83,3.85,broken clouds
576,Northport,US,33.229,-87.5772,75.25,37,0,16.11,clear sky
577,Morondava,MG,-20.2833,44.2833,76.35,81,1,12.48,clear sky
578,Grindavik,IS,63.8424,-22.4338,50.47,100,100,12.66,overcast clouds
579,Raigarh,IN,21.9,83.4,75.47,88,74,3.15,broken clouds
580,Sisimiut,GL,66.9395,-53.6735,37.92,92,100,13.09,overcast clouds
581,Cardston,CA,49.2,-113.3019,70.09,55,99,3.44,overcast clouds
582,Auki,SB,-8.7676,160.7034,75.99,87,21,3.71,few clouds
583,Tongren,CN,27.7172,109.1853,73.15,72,6,0.54,clear sky
584,Montalvo,EC,-1.8,-79.3333,94.01,40,18,4.63,few clouds
585,Samarai,PG,-10.6167,150.6667,80.78,79,2,8.59,clear sky
586,Kieta,PG,-6.2167,155.6333,76.84,78,50,5.57,scattered clouds
587,Robertsport,LR,6.7533,-11.3686,75.92,87,100,6.15,overcast clouds
588,Dawlatabad,AF,36.4141,64.9053,71.22,29,0,1.66,clear sky
589,Port-Cartier,CA,50.0334,-66.8654,57.74,44,45,6.46,scattered clouds
590,Grants Pass,US,42.439,-123.3284,74.34,53,100,1.01,overcast clouds
591,Salmon Arm,CA,50.6998,-119.3024,67.32,77,100,1.14,overcast clouds
592,Akdepe,TM,42.0551,59.3788,63.43,29,92,15.73,overcast clouds
593,Yerbogachen,RU,61.2767,108.0108,23.72,79,11,2.93,few clouds
594,Shumskiy,RU,54.8318,99.1328,40.35,92,100,3.33,light rain
595,Kushmurun,KZ,52.4503,64.6311,34.03,42,47,7.0,scattered clouds
596,Nouadhibou,MR,20.931,-17.0347,80.58,61,37,16.11,sand
597,Itambacuri,BR,-18.0311,-41.685,83.16,52,100,10.38,overcast clouds
598,Havoysund,NO,70.9963,24.6622,46.63,76,82,12.71,broken clouds
599,Imbituba,BR,-28.24,-48.6703,63.01,61,100,7.43,overcast clouds
600,Caravelas,BR,-17.7125,-39.2481,79.3,66,36,7.63,scattered clouds
601,Saint Anthony,US,45.0205,-93.218,69.78,37,0,14.97,clear sky
602,Nuevo Progreso,MX,23.1667,-97.95,84.54,48,71,5.01,broken clouds
603,Galle,LK,6.0367,80.217,78.91,85,100,11.07,overcast clouds
604,Namibe,AO,-15.1961,12.1522,67.55,86,100,2.37,overcast clouds
605,Hearst,CA,49.6835,-83.6665,62.85,52,99,11.3,overcast clouds
606,Palmer,US,42.1584,-72.3287,66.06,54,40,10.36,scattered clouds
607,Guymon,US,36.6828,-101.4816,89.6,17,20,18.41,few clouds
608,Nola,IT,40.922,14.5329,72.01,86,63,5.55,broken clouds
609,Roebourne,AU,-20.7833,117.1333,70.03,69,0,7.83,clear sky
610,Brae,GB,60.3964,-1.353,50.65,86,69,10.18,broken clouds
611,Warrnambool,AU,-38.3833,142.4833,48.25,90,71,8.41,broken clouds
612,Chegdomyn,RU,51.1167,133.0167,38.86,98,100,1.83,overcast clouds
613,Chilmari,BD,25.5559,89.6715,81.59,80,65,6.49,broken clouds
614,Tolaga Bay,NZ,-38.3667,178.3,56.61,86,33,3.22,scattered clouds
615,Kichera,RU,55.9375,110.0997,36.28,90,100,3.47,overcast clouds
616,Batemans Bay,AU,-35.7167,150.1833,56.1,90,99,10.56,light rain
617,Pilar,BR,-9.5972,-35.9567,80.53,62,89,9.71,overcast clouds
618,Amapa,BR,1.0,-52.0,93.2,38,98,8.1,overcast clouds
619,Luang Prabang,LA,19.8856,102.1347,72.46,98,100,2.3,overcast clouds
620,Calama,CL,-22.4667,-68.9333,66.69,4,0,27.63,clear sky
621,Chaska,US,44.7894,-93.6022,71.01,40,0,16.11,clear sky
622,Comarapa,BO,-17.9,-64.4833,52.36,83,100,3.8,overcast clouds
623,Phan Thiet,VN,10.9333,108.1,76.68,89,100,4.16,overcast clouds
624,Funes,AR,-32.9157,-60.81,73.94,30,0,8.05,clear sky
625,Arkadelphia,US,34.1209,-93.0538,75.58,31,0,10.36,clear sky
626,Sibenik,HR,43.7272,15.9058,69.39,70,100,11.99,overcast clouds
627,Mulchen,CL,-37.7167,-72.2333,67.86,39,99,4.92,overcast clouds
628,Joshimath,IN,30.5667,79.5667,62.37,82,51,2.55,broken clouds
629,Iracoubo,GF,5.4802,-53.2011,83.48,74,12,14.14,few clouds
630,Fort Saint James,CA,54.4333,-124.25,66.49,45,8,2.95,clear sky
631,Andenes,NO,69.3143,16.1194,47.93,87,0,5.75,clear sky
632,Vrangel,RU,42.7297,133.0839,59.22,88,0,2.82,clear sky
633,Kaifeng,CN,34.7911,114.3483,69.15,63,91,6.78,overcast clouds
634,Taoudenni,ML,22.6783,-3.9836,98.04,12,0,10.58,clear sky
635,Yokadouma,CM,3.5167,15.05,69.75,95,91,0.92,light rain
636,Labe,GN,11.3182,-12.2833,68.59,90,97,3.85,overcast clouds
637,Sept-Iles,CA,50.2001,-66.3821,58.05,50,20,16.11,few clouds
638,Bocas Del Toro,PA,9.3333,-82.25,83.79,69,23,6.26,few clouds
639,The Valley,AI,18.217,-63.0578,82.54,78,40,11.5,scattered clouds
640,Floresta,BR,-8.6011,-38.5686,94.01,20,93,14.56,overcast clouds
641,Komsomolskiy,UZ,40.4272,71.7189,66.92,45,100,2.3,overcast clouds
642,Bad Segeberg,DE,53.9333,10.3167,50.86,94,89,6.22,overcast clouds
643,Netanya,IL,32.3329,34.8599,79.95,75,0,8.34,clear sky
644,Shache,CN,38.4167,77.2406,66.7,18,4,0.89,clear sky
645,Joetsu,JP,37.1483,138.2364,57.11,98,0,5.41,clear sky
646,Cranbrook,CA,49.4999,-115.7688,58.84,72,100,2.3,overcast clouds
647,Saint-Joseph,RE,-21.3667,55.6167,72.46,81,17,9.73,light rain
648,Espanola,US,35.9911,-106.0806,78.96,24,100,2.82,overcast clouds
649,Varhaug,NO,58.6147,5.6457,52.48,73,75,2.53,broken clouds
650,San Luis,AR,-33.295,-66.3356,65.17,38,96,9.82,overcast clouds
651,Bayangol,RU,50.6977,103.4656,34.52,96,100,1.45,overcast clouds
652,Tabou,CI,4.423,-7.3528,76.33,87,6,6.44,clear sky
653,Doaba,PK,33.4244,70.7364,77.34,43,0,3.13,clear sky
654,Foam Lake,CA,51.65,-103.5343,77.02,27,7,8.84,clear sky
655,Ous,RU,60.9058,61.5186,24.46,83,18,3.51,few clouds
656,Lakes Entrance,AU,-37.8811,147.981,53.46,86,98,12.91,overcast clouds
657,Mazara Del Vallo,IT,37.6641,12.588,74.89,75,0,10.6,clear sky
658,Linhares,BR,-19.3911,-40.0722,75.31,76,92,12.55,overcast clouds
659,Altagracia De Orituco,VE,9.8601,-66.3814,76.66,92,100,1.68,overcast clouds
660,Abashiri,JP,44.0213,144.2697,54.95,87,7,9.24,clear sky
661,Kholtoson,RU,50.2981,103.3097,34.83,96,100,3.11,overcast clouds
662,Soma,TR,39.1855,27.6094,70.75,75,0,1.74,clear sky
663,Fujin,CN,47.26,132.0322,54.19,93,100,7.87,overcast clouds
664,Juquia,BR,-24.3208,-47.6347,61.48,96,100,3.65,overcast clouds
665,San Cristobal,VE,7.7669,-72.225,84.38,46,75,3.85,broken clouds
666,Les Cayes,HT,18.2,-73.75,84.22,70,85,5.68,overcast clouds
667,Inuvik,CA,68.3499,-133.7218,36.46,80,75,9.22,broken clouds
668,Ozernovskiy,RU,51.5,156.5167,47.46,74,100,24.94,light rain
669,Huicungo,PE,-7.2833,-76.8,97.05,41,20,6.91,few clouds
670,Todos Santos,MX,23.45,-110.2167,92.3,84,0,9.62,clear sky
671,Indianola,US,41.3581,-93.5574,68.88,30,27,12.24,scattered clouds
672,Santa Cruz De La Palma,ES,28.6835,-17.7642,73.54,73,75,16.11,broken clouds
673,Ploemeur,FR,47.7333,-3.4333,55.94,81,0,4.61,clear sky
674,Mabaruma,GY,8.2,-59.7833,84.22,75,100,6.67,overcast clouds
675,Nishihara,JP,26.1842,127.7558,78.08,83,0,3.44,clear sky
676,Tautira,PF,-17.7333,-149.15,76.93,75,0,15.93,clear sky
677,Reconquista,AR,-29.15,-59.65,73.74,38,39,13.31,scattered clouds
678,Pilane,BW,-24.45,26.1333,73.96,33,1,5.91,clear sky
679,Olbia,IT,40.9214,9.4856,66.25,72,40,8.05,scattered clouds
680,Villa Bruzual,VE,9.3328,-69.1208,86.68,66,100,2.26,overcast clouds
681,Behshahr,IR,36.6923,53.5526,75.15,88,0,3.89,clear sky
682,Alamosa,US,37.4695,-105.87,69.78,30,0,4.61,clear sky
683,Moramanga,MG,-18.9333,48.2,51.12,98,22,1.61,few clouds
684,Bangui,CF,4.3612,18.555,71.53,95,31,2.48,scattered clouds
685,Palauig,PH,15.435,119.9045,79.12,82,84,4.25,broken clouds
686,Chifeng,CN,42.2683,118.9636,64.31,47,100,4.79,overcast clouds
687,Udachnyy,RU,66.4167,112.4,19.18,94,100,8.59,overcast clouds
688,Agadez,NE,19.75,10.25,93.7,11,0,7.52,clear sky
689,Nogales,MX,31.3086,-110.9422,78.37,53,75,4.61,broken clouds
